FL_9_DO,n,mean,std,se,ci95
FL_9 - Block Randomizer - Display Order,0,,,,
HR_ai,18,4.666666666666667,2.0579830217101063,0.48507125007266605,0.9507396501424255
HR_human,15,3.933333333333333,1.533747356112131,0.396011864500796,0.7761832544215601
Med_ai,21,4.761904761904762,1.4800257398019099,0.3229680944345366,0.6330174650916918
Med_human,23,4.782608695652174,1.8818878755878592,0.3924007476993157,0.7691054654906587
"{""ImportId"":""FL_9_DO""}",0,,,,
